LER, lroc
LER, featured image
LER, retweeted
HER, esa hubble
LER, has_url retweeted
LER, lroc featured
LER, livestream com
HER, yearinspace
LER, log
LER, journey log
LER, type_status journey
LER, has_url lroc
LER, livestream
HER, eso astronomy
LER, log day
HER, credit eso
LER, ntrs
HER, picture week
LER, featured
HER, flashback
HER, stsci
HER, nasa esa
LER, rt
HER, hubble picture
HER, hubble flashback
LER, has_qmark type_status
LER, day year
HER, view larger
HER, larger image
HER, webb space
LER, retweeted nasa
LER, aiaa
HER, infrared
HER, free share
LER, live livestream
LER, ladee
LER, com
HER, image credit
LER, image lroc
LER, lpod
LER, lro
HER, james webb
LER, today lpod
HER, eso
HER, hubble heritage
HER, aura
HER, space telescope
HER, alma
HER, station yearinspace
LER, startalk
LER, low_wps type_status
LER, com aiaa
LER, nasa 360
HER, webb
LER, carnival
LER, many_sixltr type_status
HER, few_sixltr type_photo
HER, ring
HER, nasa cassini
LER, carnival space
LER, negemo_yes affiliation_yes
HER, canadian space
LER, degrasse
LER, degrasse tyson
LER, neil degrasse
LER, type_status has_url
HER, heritage team
HER, netspeak_yes type_photo
HER, stsci aura
HER, star formation
LER, words
HER, heritage
LER, high_wps type_status
HER, waveatsaturn
LER, latest featured
HER, nasa curiosity
HER, feel free
LER, type_status
LER, nasa documents
HER, utc
HER, caltech
LER, guest
LER, documents
LER, nasa360
HER, agency astronaut
LER, tyson
HER, team stsci
HER, credit
HER, curiosity mars
LER, netspeak_yes type_status
HER, wise mission
LER, few_sixltr type_status
HER, nasa spitzer
LER, melt
HER, nebula
LER, astrobiology
HER, cassini spacecraft
HER, chris gunn
HER, gunn
LER, latest lroc
HER, mission saturn
HER, credit nasa
LER, space hangout
LER, weekly space
LER, check ntrs
HER, nasa jpl
LER, visit ntrs
HER, photo ambassador
LER, impact melt
LER, moonnight
LER, has_url rt
HER, tafreshi
LER, apollo
HER, has_hashtag day
HER, elt
LER, mymoon
LER, contest
HER, larger
HER, new image
HER, james
LER, editor
LER, space place
HER, many_sixltr type_photo
HER, tag
LER, plutoflyby
HER, hubble space
HER, jpl caltech
LER, centennial
HER, type_photo has_url
HER, rings
LER, eugene
HER, dawn spacecraft
HER, cassini
LER, type_status has_hashtag
LER, hangout
HER, mirror
HER, gas dust
HER, hubble
HER, good night
HER, weekly image
LER, nasasocial
LER, journey
HER, asteroid vesta
HER, night international
LER, eicher
HER, titan
LER, ep
LER, retweeted ladee
HER, crew members
HER, giant asteroid
LER, astronomy cast
LER, naca
LER, type_link kepler
LER, chuck
HER, esoultrahd
HER, primary
HER, paranal
LER, lunar science
LER, inomn
LER, review
HER, expedition 39
HER, spitzer
LER, has_qmark type_link
LER, dave eicher
LER, editor dave
HER, hadfield
LER, retweeted space
LER, sure check
LER, talking
LER, has_exclam type_link
LER, celestron
HER, near infrared
HER, eeltblast
LER, eugene mirman
LER, mirman
HER, expedition
HER, eso photo
LER, cast ep
LER, type_status retweeted
HER, ambassador
HER, tag share
HER, spitzer space
LER, forum
LER, morpheus
LER, manned
HER, structure
LER, has_url editor
HER, soyuz
HER, parmitano
HER, chris hadfield
HER, image caption
LER, check today
LER, com nasa360
HER, nasa grail
LER, famelab
HER, telescope
HER, swanson
LER, lpi
LER, lpsc2013
HER, formation
